{
  "classification": "parser_regression_rollback_goldie_backfill_needed",
  "code_change": {
    "parser": "parseland_lib/publisher/parsers/elsevier_bv.py",
    "summary": "Disable broad script[type=application/json] author-affiliation fallback; keep __PRELOADED_STATE__ as the only structured Elsevier source until app JSON rows are DOI-grounded.",
    "tests": "tests/test_elsevier_bv_modern.py"
  },
  "decision": "ship_regression_rollback_and_route_app_json_to_goldie_backfilled",
  "field": "affiliations",
  "focused_metrics": {
    "app_json_disabled": {
      "affiliations_mean_soft_f1": 0.8028364565587733,
      "corresponding_micro_f1": 0.8704209950792783
    },
    "app_json_enabled": {
      "affiliations_mean_soft_f1": 0.8324838160136289,
      "corresponding_micro_f1": 0.8686648501362397
    },
    "before": {
      "affiliations_mean_soft_f1": 0.8028364565587733,
      "corresponding_micro_f1": 0.8704209950792783
    }
  },
  "full10k_elsevier": {
    "app_json_disabled": {
      "abstract_present_rate": 0.685638649900728,
      "abstract_ratio_fuzzy": 0.9003828032053875,
      "affiliations_f1_fuzzy": 0.8512663943953306,
      "affiliations_f1_strict": 0.7164030986896626,
      "authors_f1_soft": 0.8984232103437402,
      "authors_f1_strict": 0.8891948935905888,
      "corresponding_accuracy": 0.9214231429005715,
      "pdf_url_accuracy": 0.7712
    },
    "app_json_enabled": {
      "abstract_present_rate": 0.685638649900728,
      "abstract_ratio_fuzzy": 0.9022315101739282,
      "affiliations_f1_fuzzy": 0.8457733162115596,
      "affiliations_f1_strict": 0.7126375150780327,
      "authors_f1_soft": 0.8984232103437402,
      "authors_f1_strict": 0.8893273439217146,
      "corresponding_accuracy": 0.9104762988984304,
      "pdf_url_accuracy": 0.7712
    },
    "baseline": {
      "abstract_present_rate": 0.685638649900728,
      "abstract_ratio_fuzzy": 0.9003828032053878,
      "affiliations_f1_fuzzy": 0.8512663943953306,
      "affiliations_f1_strict": 0.7164030986896626,
      "authors_f1_soft": 0.8984232103437402,
      "authors_f1_strict": 0.8891948935905888,
      "corresponding_accuracy": 0.9214231429005715,
      "pdf_url_accuracy": 0.7712
    },
    "disabled_minus_app_json": {
      "abstract_present_rate": 0.0,
      "abstract_ratio_fuzzy": -0.0018487069685406698,
      "affiliations_f1_fuzzy": 0.005493078183770983,
      "affiliations_f1_strict": 0.003765583611629819,
      "authors_f1_soft": 0.0,
      "authors_f1_strict": -0.00013245033112585514,
      "corresponding_accuracy": 0.010946844002141076,
      "pdf_url_accuracy": 0.0
    },
    "disabled_minus_baseline": {
      "abstract_present_rate": 0.0,
      "abstract_ratio_fuzzy": -2.220446049250313e-16,
      "affiliations_f1_fuzzy": 0.0,
      "affiliations_f1_strict": 0.0,
      "authors_f1_soft": 0.0,
      "authors_f1_strict": 0.0,
      "corresponding_accuracy": 0.0,
      "pdf_url_accuracy": 0.0
    }
  },
  "full10k_overall": {
    "app_json_disabled": {
      "abstract_present_rate": 0.6381655654877575,
      "abstract_ratio_fuzzy": 0.8679391199764309,
      "affiliations_f1_fuzzy": 0.921648007422582,
      "affiliations_f1_strict": 0.7175658966896249,
      "authors_f1_soft": 0.9118077207549894,
      "authors_f1_strict": 0.8984907450841376,
      "corresponding_accuracy": 0.9574125851495883,
      "pdf_url_accuracy": 0.9341836734693878
    },
    "app_json_enabled": {
      "abstract_present_rate": 0.6381655654877575,
      "abstract_ratio_fuzzy": 0.8684938862241275,
      "affiliations_f1_fuzzy": 0.9198740845469644,
      "affiliations_f1_strict": 0.7163498472023888,
      "authors_f1_soft": 0.9118077207549894,
      "authors_f1_strict": 0.8985317623113732,
      "corresponding_accuracy": 0.9543357238282855,
      "pdf_url_accuracy": 0.9341836734693878
    },
    "baseline": {
      "abstract_present_rate": 0.6381655654877575,
      "abstract_ratio_fuzzy": 0.8679391199764309,
      "affiliations_f1_fuzzy": 0.921648007422582,
      "affiliations_f1_strict": 0.7175658966896249,
      "authors_f1_soft": 0.9118077207549894,
      "authors_f1_strict": 0.8984907450841376,
      "corresponding_accuracy": 0.9574125851495883,
      "pdf_url_accuracy": 0.9341836734693878
    },
    "disabled_minus_app_json": {
      "abstract_present_rate": 0.0,
      "abstract_ratio_fuzzy": -0.0005547662476965698,
      "affiliations_f1_fuzzy": 0.0017739228756176173,
      "affiliations_f1_strict": 0.0012160494872360816,
      "authors_f1_soft": 0.0,
      "authors_f1_strict": -4.1017227235595755e-05,
      "corresponding_accuracy": 0.003076861321302804,
      "pdf_url_accuracy": 0.0
    },
    "disabled_minus_baseline": {
      "abstract_present_rate": 0.0,
      "abstract_ratio_fuzzy": 0.0,
      "affiliations_f1_fuzzy": 0.0,
      "affiliations_f1_strict": 0.0,
      "authors_f1_soft": 0.0,
      "authors_f1_strict": 0.0,
      "corresponding_accuracy": 0.0,
      "pdf_url_accuracy": 0.0
    }
  },
  "gates": [
    {
      "command": "PYTHONPATH=. ./.venv/bin/pytest tests/test_elsevier_bv_modern.py -q",
      "name": "focused_tests",
      "result": "12 passed in 0.06s",
      "status": "passed"
    },
    {
      "artifact": "mismatches/workflows/20260604T163736Z-77fe45/results/elsevier_affiliations_after_app_json_disabled.json",
      "command": "PARSELAND_NO_PROGRESS=1 ./.venv/bin/python scripts/field_inprocess_diff.py --publisher elsevier --field affiliations --gold tests/fixtures/elsevier-10k-gold.ndjson --out mismatches/workflows/20260604T163736Z-77fe45/results/elsevier_affiliations_after_app_json_disabled.json",
      "dispatch_skipped": 106,
      "failed": 5,
      "n_rows": 1348,
      "name": "focused_elsevier_inprocess",
      "status": "passed"
    },
    {
      "artifact": "/Users/shubh-trips/Documents/OpenAlex/parseland-lib/eval/runs/whole-goldie-after-elsevier-disable-app-json-20260605T151433Z.json",
      "command": "PARSELAND_EVAL_PATH=/Users/shubh-trips/Documents/OpenAlex/parseland-eval/eval PARSELAND_NO_PROGRESS=1 ./.venv/bin/python scripts/whole_goldie_eval.py run --corpus /Users/shubh-trips/Documents/OpenAlex/parseland-eval/eval/data/merged-FINAL.csv --label after-elsevier-disable-app-json --concurrency 8",
      "coverage": {
        "gold_empty_parser_present_count": 2577,
        "html_available": 5146,
        "per_publisher": {
          "aaas": {
            "html_available": 0,
            "retrieval_blocked": 24,
            "scored_rows": 0,
            "total_rows": 24
          },
          "aacr": {
            "html_available": 0,
            "retrieval_blocked": 34,
            "scored_rows": 0,
            "total_rows": 34
          },
          "acm": {
            "html_available": 0,
            "retrieval_blocked": 37,
            "scored_rows": 0,
            "total_rows": 37
          },
          "acs": {
            "html_available": 130,
            "retrieval_blocked": 0,
            "scored_rows": 130,
            "total_rows": 130
          },
          "aip_publishing": {
            "html_available": 0,
            "retrieval_blocked": 57,
            "scored_rows": 0,
            "total_rows": 57
          },
          "ame": {
            "html_available": 0,
            "retrieval_blocked": 3,
            "scored_rows": 0,
            "total_rows": 3
          },
          "ams": {
            "html_available": 0,
            "retrieval_blocked": 10,
            "scored_rows": 0,
            "total_rows": 10
          },
          "apa": {
            "html_available": 0,
            "retrieval_blocked": 25,
            "scored_rows": 0,
            "total_rows": 25
          },
          "aps": {
            "html_available": 0,
            "retrieval_blocked": 38,
            "scored_rows": 0,
            "total_rows": 38
          },
          "asa": {
            "html_available": 0,
            "retrieval_blocked": 10,
            "scored_rows": 0,
            "total_rows": 10
          },