{
  "run_id": "20260604T163736Z-77fe45",
  "batch": 59,
  "task_id": "v2_taylor_pdf_url_2e40646f",
  "publisher_id": "taylor",
  "field": "pdf_url",
  "agent_id": "codex-taylor-pdf-canonical-b59",
  "status": "shipped_full10k_measured_below_98_with_explainable_residual",
  "classification": "parser_owned_tandfonline_canonical_pdf_and_shared_clean_pdf_url_bugfix",
  "completed_at": "2026-06-09T02:35:09Z",
  "diagnosis": "TandF article pages can expose canonical/og /doi/full/<doi> or /doi/abs/<doi> without a visible PDF anchor. The stable PDF route is /doi/pdf/<doi>. A shared fulltext bug also discarded clean_pdf_url output, preventing selected /doi/abs URLs from normalizing to /doi/pdf.",
  "expected_kpi_impact": {
    "focused_taylor": {
      "authors": {
        "before": 0.964523488207699,
        "after": 0.964523488207699,
        "delta_pp": 0.0
      },
      "affiliations": {
        "before": 0.9668317999528191,
        "after": 0.9668317999528191,
        "delta_pp": 0.0
      },
      "abstract": {
        "before": 0.867198177546421,
        "after": 0.8671981775464209,
        "delta_pp": -1.1102230246251565e-14
      },
      "pdf_url": {
        "before": 0.9253333333333333,
        "after": 0.9710743801652892,
        "delta_pp": 4.57410468319559
      },
      "corresponding": {
        "before": 0.9860759493670885,
        "after": 0.9860759493670885,
        "delta_pp": 0.0
      }
    },
    "full10k": {
      "authors": {
        "before": 0.9635428956530825,
        "after": 0.9635428956530825,
        "delta_pp": 0.0
      },
      "affiliations": {
        "before": 0.9394348948333808,
        "after": 0.9394348948333808,
        "delta_pp": 0.0
      },
      "abstract": {
        "before": 0.9254511985010284,
        "after": 0.9254511985010284,
        "delta_pp": 0.0
      },
      "pdf_url": {
        "before": 0.9547257876312719,
        "after": 0.9583032055917089,
        "delta_pp": 0.35774179604369793
      },
      "corresponding": {
        "before": 0.9731555094148325,
        "after": 0.9731555094148325,
        "delta_pp": 0.0
      }
    }
  },
  "coverage": {
    "full10k": {
      "total_rows": 10000,
      "html_available": 5570,
      "scored_rows": 5570,
      "retrieval_blocked_rows": 4430,
      "retrieval_blocked_by_reason": {
        "cached_bot_check": 101,
        "cached_error_page": 3,
        "cached_pdf": 22,
        "cached_too_small": 49,
        "js_rendered_required": 1,
        "missing": 4254
      },
      "gold_empty_parser_present_count": 3129,
      "per_publisher": {
        "aaas": {
          "total_rows": 24,
          "html_available": 0,
          "scored_rows": 0,
          "retrieval_blocked": 24
        },
        "aacr": {
          "total_rows": 34,
          "html_available": 0,
          "scored_rows": 0,
          "retrieval_blocked": 34
        },
        "acm": {
          "total_rows": 37,
          "html_available": 0,
          "scored_rows": 0,
          "retrieval_blocked": 37
        },
        "acs": {
          "total_rows": 130,
          "html_available": 130,
          "scored_rows": 130,
          "retrieval_blocked": 0
        },
        "aip_publishing": {
          "total_rows": 57,
          "html_available": 0,
          "scored_rows": 0,
          "retrieval_blocked": 57
        },
        "ame": {
          "total_rows": 3,
          "html_available": 0,
          "scored_rows": 0,
          "retrieval_blocked": 3
        },
        "ams": {
          "total_rows": 10,
          "html_available": 0,
          "scored_rows": 0,
          "retrieval_blocked": 10
        },
        "apa": {
          "total_rows": 25,
          "html_available": 0,
          "scored_rows": 0,
          "retrieval_blocked": 25
        },
        "aps": {
          "total_rows": 38,
          "html_available": 0,
          "scored_rows": 0,
          "retrieval_blocked": 38
        },
        "asa": {
          "total_rows": 10,
          "html_available": 0,
          "scored_rows": 0,
          "retrieval_blocked": 10
        },
        "asco": {
          "total_rows": 17,
          "html_available": 0,
          "scored_rows": 0,
          "retrieval_blocked": 17
        },
        "ash": {
          "total_rows": 12,
          "html_available": 0,
          "scored_rows": 0,
          "retrieval_blocked": 12
        },
        "asme": {
          "total_rows": 26,
          "html_available": 0,
          "scored_rows": 0,
          "retrieval_blocked": 26
        },
        "bentham": {
          "total_rows": 15,
          "html_available": 0,
          "scored_rows": 0,
          "retrieval_blocked": 15
        },
        "bmj": {
          "total_rows": 69,
          "html_available": 66,
          "scored_rows": 66,
          "retrieval_blocked": 3
        },
        "brill": {
          "total_rows": 65,
          "html_available": 55,
          "scored_rows": 55,
          "retrieval_blocked": 10
        },
        "cairn": {
          "total_rows": 49,
          "html_available": 0,
          "scored_rows": 0,
          "retrieval_blocked": 49
        },
        "company_biologists": {
          "total_rows": 3,
          "html_available": 0,
          "scored_rows": 0,
          "retrieval_blocked": 3
        },
        "copernicus": {
          "total_rows": 27,
          "html_available": 0,
          "scored_rows": 0,
          "retrieval_blocked": 27
        },
        "cshlp": {
          "total_rows": 29,
          "html_available": 0,
          "scored_rows": 0,
          "retrieval_blocked": 29
        },
        "cup": {
          "total_rows": 154,
          "html_available": 151,
          "scored_rows": 151,
          "retrieval_blocked": 3
        },
        "de_gruyter": {
          "total_rows": 226,
          "html_available": 222,
          "scored_rows": 222,
          "retrieval_blocked": 4
        },
        "edp_sciences": {
          "total_rows": 21,
          "html_available": 0,
          "scored_rows": 0,
          "retrieval_blocked": 21
        },
        "elsevier": {
          "total_rows": 1564,
          "html_available": 1487,
          "scored_rows": 1487,
          "retrieval_blocked": 77
        },
        "emerald": {
          "total_rows": 27,
          "html_available": 0,
          "scored_rows": 0,
          "retrieval_blocked": 27
        },
        "f1000": {
          "total_rows": 2,
          "html_available": 0,
          "scored_rows": 0,
          "retrieval_blocked": 2
        },
        "frontiers": {
          "total_rows": 48,
          "html_available": 0,
          "scored_rows": 0,
          "retrieval_blocked": 48
        },
        "hindawi": {
          "total_rows": 32,
          "html_available": 0,
          "scored_rows": 0,
          "retrieval_blocked": 32
        },
        "ieee": {
          "total_rows": 395,
          "html_available": 393,
          "scored_rows": 393,
          "retrieval_blocked": 2
        },
        "iop": {
          "total_rows": 75,
          "html_available": 63,
          "scored_rows": 63,
          "retrieval_blocked": 12
        },
        "karger": {
          "total_rows": 37,
          "html_available": 0,
          "scored_rows": 0,
          "retrieval_blocked": 37
        },
        "lippincott": {
          "total_rows": 190,
          "html_available": 190,
          "scored_rows": 190,
          "retrieval_blocked": 0
        },
        "mary_ann_liebert": {
          "total_rows": 15,
          "html_available": 0,
          "scored_rows": 0,
          "retrieval_blocked": 15
        },
        "mdpi": {
          "total_rows": 137,
          "html_available": 72,
          "scored_rows": 72,
          "retrieval_blocked": 65
        },
        "nejm": {
          "total_rows": 5,
          "html_available": 0,
          "scored_rows": 0,
          "retrieval_blocked": 5
        },
        "optica": {
          "total_rows": 27,